Prepayment Date,Prepayment Type,Prepayment Amount,Number of Loans,Amount Not Applied,Prepayment Status,Reversed Date,Reversed Amount,Number of Reversed Loans,Pool Number,holder
10/25/2022,Prepayment,"$852,328.66 ",1,$0.00 ,,,$0.00 ,0,530085
10/25/2022,Principal Reduction,"$29,358.00 ",0,$0.00 ,,,$0.00 ,0,530085
5/25/2023,Prepayment,"$97,930.04 ",1,$0.00 ,,,$0.00 ,0,530085
8/25/2023,Prepayment,"$215,078.35 ",1,$0.00 ,,,$0.00 ,0,530085
10/25/2023,Prepayment,"$118,974.58 ",1,$0.00 ,,,$0.00 ,0,530085
1/25/2024,Principal Reduction,"$468,697.75 ",0,$0.00 ,,,$0.00 ,0,530085
3/25/2024,Prepayment,"$248,984.41 ",1,$0.00 ,,,$0.00 ,0,530085
7/25/2024,Prepayment,"$389,957.14 ",1,$0.00 ,,,$0.00 ,0,530085
8/25/2024,Prepayment,"$78,676.48 ",1,$0.00 ,,,$0.00 ,0,530085
10/25/2024,Principal Reduction,"$62,907.66 ",0,$0.00 ,,,$0.00 ,0,530085
11/25/2024,Prepayment,"$1,605,315.33 ",3,$0.00 ,,,$0.00 ,0,530085
,Prepayment,"$425,558.83 ",1,$0.00 ,,,$0.00 ,0,530088
,Prepayment,"$540,674.39 ",1,$0.00 ,,,$0.00 ,0,530088
,Prepayment,"$602,636.64 ",1,$0.00 ,,,$0.00 ,0,530088
,Prepayment,"$464,733.01 ",1,$0.00 ,,,$0.00 ,0,530088
,Prepayment,"$653,700.47 ",1,$0.00 ,,,$0.00 ,0,530088
,Prepayment,"$4,472,794.82 ",3,$0.00 ,,,$0.00 ,0,530088
,Prepayment,"$1,067,087.15 ",1,$0.00 ,,,$0.00 ,0,530088
,Prepayment,"$4,159,133.60 ",4,$0.00 ,,,$0.00 ,0,530088
,Prepayment,"$1,225,497.64 ",2,$0.00 ,,,$0.00 ,0,530088
,Prepayment,"$2,232,137.54 ",1,$0.00 ,,,$0.00 ,0,530088
,Prepayment,"$741,225.16 ",1,$0.00 ,,,$0.00 ,0,530088
,Prepayment,"$1,331,518.35 ",1,$0.00 ,,,$0.00 ,0,530088
,Prepayment,"$1,009,640.74 ",1,$0.00 ,,,$0.00 ,0,530088
,Prepayment,"$503,424.39 ",1,$0.00 ,,,$0.00 ,0,530088
,Prepayment,"$3,960,331.45 ",4,$0.00 ,,,$0.00 ,0,530088
,Prepayment,"$3,283,348.49 ",2,$0.00 ,,,$0.00 ,0,530088
,Prepayment,"$1,200,482.83 ",2,$0.00 ,,,$0.00 ,0,530088
,Principal Reduction,"$37,749.32 ",0,$0.00 ,,,$0.00 ,0,530086
,Prepayment,"$278,997.00 ",1,$0.00 ,,,$0.00 ,0,530086
,Prepayment,"$399,594.22 ",1,$0.00 ,,,$0.00 ,0,530086
,Principal Reduction,"$41,531.68 ",0,$0.00 ,,,$0.00 ,0,530086
,Prepayment,$0.00 ,1,$0.00 ,,,$0.00 ,0,530086
,Principal Reduction,"$83,951.18 ",0,$0.00 ,,,$0.00 ,0,530086
,Prepayment,"$382,350.93 ",2,$0.00 ,,,$0.00 ,0,530086
,Prepayment,"$473,575.90 ",1,$0.00 ,,,$0.00 ,0,530086
,Prepayment,"$1,558,652.05 ",3,$0.00 ,,,$0.00 ,0,530086
,Prepayment,"$193,524.41 ",1,$0.00 ,,,$0.00 ,0,530086
,Prepayment,"$675,534.87 ",1,$0.00 ,,,$0.00 ,0,530086
,Prepayment,"$158,043.60 ",1,$0.00 ,,,$0.00 ,0,530086
,Prepayment,"$300,917.25 ",2,$0.00 ,,,$0.00 ,0,530086
,Principal Reduction,"$87,990.75 ",0,$0.00 ,,,$0.00 ,0,530086
,Prepayment,"$372,332.36 ",1,$0.00 ,,,$0.00 ,0,530086
,Prepayment,"$313,286.53 ",1,$0.00 ,,,$0.00 ,0,530086
,Prepayment,"$371,072.72 ",2,$0.00 ,,,$0.00 ,0,530086
,Prepayment,"$70,545.89 ",1,$0.00 ,,,$0.00 ,0,530086
,Prepayment,"$39,341.24 ",1,$0.00 ,,,$0.00 ,0,530086
,Prepayment,"$205,207.51 ",2,$0.00 ,,,$0.00 ,0,530086
,Prepayment,"$410,980.31 ",1,$0.00 ,,,$0.00 ,0,530086
,Prepayment,"$58,890.10 ",1,$0.00 ,,,$0.00 ,0,530086
,Principal Reduction,"$223,927.60 ",0,$0.00 ,,,$0.00 ,0,530086
3/25/2023,Prepayment,"$854,606.42 ",1,$0.00 ,,,$0.00 ,0,530100
6/25/2023,Prepayment,"$1,476,846.13 ",1,$0.00 ,,,$0.00 ,0,530100
7/25/2023,Prepayment,"$1,155,152.41 ",1,$0.00 ,,,$0.00 ,0,530100
12/25/2023,Prepayment,"$3,497,511.79 ",2,$0.00 ,,,$0.00 ,0,530100
9/25/2024,Prepayment,"$3,517,189.14 ",1,$0.00 ,,,$0.00 ,0,530100
8/25/2022,Prepayment,"$1,007,695.19 ",1,$0.00 ,,,$0.00 ,0,530116
11/25/2022,Prepayment,"$2,057,471.35 ",1,$0.00 ,,,$0.00 ,0,530116
2/25/2023,Prepayment,"$2,845,525.85 ",2,$0.00 ,,,$0.00 ,0,530116
6/25/2023,Prepayment,"$1,531,480.63 ",2,$0.00 ,,,$0.00 ,0,530116
11/25/2023,Prepayment,"$185,952.09 ",1,$0.00 ,,,$0.00 ,0,530116
12/25/2023,Principal Reduction,"$1,537,500.00 ",0,$0.00 ,,,$0.00 ,0,530116
3/25/2024,Prepayment,"$2,698,265.10 ",1,$0.00 ,,,$0.00 ,0,530116
5/25/2024,Prepayment,"$295,079.03 ",1,$0.00 ,,,$0.00 ,0,530116
6/25/2024,Prepayment,"$106,291.13 ",1,$0.00 ,,,$0.00 ,0,530116
9/25/2024,Prepayment,"$115,983.08 ",1,$0.00 ,,,$0.00 ,0,530116
11/25/2024,Prepayment,"$537,620.67 ",1,$0.00 ,,,$0.00 ,0,530116
9/25/2022,Prepayment,"$96,767.22 ",1,$0.00 ,,,$0.00 ,0,530135
9/25/2022,Principal Reduction,"$24,650.00 ",0,$0.00 ,,,$0.00 ,0,530135
10/25/2022,Prepayment,"$127,572.63 ",1,$0.00 ,,,$0.00 ,0,530135
1/25/2023,Prepayment,"$124,744.34 ",1,$0.00 ,,,$0.00 ,0,530135
2/25/2023,Prepayment,"$117,681.40 ",1,$0.00 ,,,$0.00 ,0,530135
3/25/2023,Prepayment,"$116,853.55 ",1,$0.00 ,,,$0.00 ,0,530135
3/25/2023,Principal Reduction,"$50,307.33 ",0,$0.00 ,,,$0.00 ,0,530135
4/25/2023,Prepayment,"$734,521.51 ",1,$0.00 ,,,$0.00 ,0,530135
5/25/2023,Prepayment,"$1,903,872.05 ",1,$0.00 ,,,$0.00 ,0,530135
7/25/2023,Principal Reduction,"$44,250.00 ",0,$0.00 ,,,$0.00 ,0,530135
8/25/2023,Prepayment,"$350,204.68 ",3,$0.00 ,,,$0.00 ,0,530135
8/25/2023,Principal Reduction,"$187,500.00 ",0,$0.00 ,,,$0.00 ,0,530135
9/25/2023,Prepayment,"$340,841.26 ",3,$0.00 ,,,$0.00 ,0,530135
9/25/2023,Principal Reduction,"$54,000.01 ",0,$0.00 ,,,$0.00 ,0,530135
11/25/2023,Prepayment,"$4,189,210.15 ",2,$0.00 ,,,$0.00 ,0,530135
11/25/2023,Principal Reduction,"$79,242.96 ",0,$0.00 ,,,$0.00 ,0,530135
1/25/2024,Prepayment,"$538,379.06 ",5,$0.00 ,,,$0.00 ,0,530135
2/25/2024,Prepayment,"$89,820.63 ",1,$0.00 ,,,$0.00 ,0,530135
2/25/2024,Principal Reduction,"$275,535.75 ",0,$0.00 ,,,$0.00 ,0,530135
3/25/2024,Prepayment,"$112,477.43 ",1,$0.00 ,,,$0.00 ,0,530135
4/25/2024,Prepayment,"$329,459.70 ",3,$0.00 ,,,$0.00 ,0,530135
4/25/2024,Principal Reduction,"$12,750.01 ",0,$0.00 ,,,$0.00 ,0,530135
5/25/2024,Prepayment,"$215,382.28 ",2,$0.00 ,,,$0.00 ,0,530135
6/25/2024,Prepayment,"$847,347.64 ",4,$0.00 ,,,$0.00 ,0,530135
8/25/2024,Prepayment,"$644,106.26 ",1,$0.00 ,,,$0.00 ,0,530135
8/25/2024,Principal Reduction,"$12,231.00 ",0,$0.00 ,,,$0.00 ,0,530135
9/25/2024,Principal Reduction,"$23,364.00 ",0,$0.00 ,,,$0.00 ,0,530135
10/25/2024,Prepayment,"$144,745.25 ",2,$0.00 ,,,$0.00 ,0,530135
11/25/2024,Prepayment,"$1,148,906.03 ",5,$0.00 ,,,$0.00 ,0,530135
6/25/2023,Prepayment,"$3,584,489.16 ",1,$0.00 ,,,$0.00 ,0,530154
8/25/2023,Prepayment,"$2,171,641.51 ",1,$0.00 ,,,$0.00 ,0,530154
9/25/2023,Prepayment,"$1,573,997.19 ",1,$0.00 ,,,$0.00 ,0,530154
10/25/2023,Prepayment,"$3,103,733.82 ",2,$0.00 ,,,$0.00 ,0,530154
11/25/2023,Prepayment,"$742,995.92 ",1,$0.00 ,,,$0.00 ,0,530154
12/25/2023,Prepayment,"$2,501,663.30 ",1,$0.00 ,,,$0.00 ,0,530154
2/25/2024,Prepayment,"$3,602,439.99 ",1,$0.00 ,,,$0.00 ,0,530154
3/25/2024,Prepayment,"$3,280,641.19 ",3,$0.00 ,,,$0.00 ,0,530154
5/25/2024,Prepayment,"$1,510,919.37 ",1,$0.00 ,,,$0.00 ,0,530154
8/25/2024,Prepayment,"$500,138.05 ",1,$0.00 ,,,$0.00 ,0,530154
9/25/2024,Prepayment,"$5,446,326.25 ",2,$0.00 ,,,$0.00 ,0,530154
10/25/2022,Prepayment,"$1,309,328.79 ",1,$0.00 ,,,$0.00 ,0,530184
12/25/2022,Prepayment,"$731,549.56 ",1,$0.00 ,,,$0.00 ,0,530184
1/25/2023,Prepayment,"$2,268,983.72 ",2,$0.00 ,,,$0.00 ,0,530184
3/25/2023,Prepayment,"$1,192,564.16 ",1,$0.00 ,,,$0.00 ,0,530184
6/25/2023,Prepayment,"$555,928.42 ",1,$0.00 ,,,$0.00 ,0,530184
7/25/2023,Prepayment,"$630,693.00 ",1,$0.00 ,,,$0.00 ,0,530184
8/25/2023,Principal Reduction,"$639,976.08 ",0,$0.00 ,,,$0.00 ,0,530184
9/25/2023,Prepayment,"$345,215.35 ",1,$0.00 ,,,$0.00 ,0,530184
10/25/2023,Prepayment,"$1,455,180.82 ",2,$0.00 ,,,$0.00 ,0,530184
11/25/2023,Prepayment,"$834,805.38 ",1,$0.00 ,,,$0.00 ,0,530184
1/25/2024,Prepayment,"$6,720,955.35 ",5,$0.00 ,,,$0.00 ,0,530184
3/25/2024,Prepayment,"$183,416.57 ",1,$0.00 ,,,$0.00 ,0,530184
6/25/2024,Prepayment,"$341,859.44 ",1,$0.00 ,,,$0.00 ,0,530184
8/25/2024,Prepayment,"$784,897.20 ",1,$0.00 ,,,$0.00 ,0,530184
9/25/2024,Prepayment,"$1,676,095.51 ",2,$0.00 ,,,$0.00 ,0,530184
10/25/2024,Prepayment,"$4,119,648.03 ",3,$0.00 ,,,$0.00 ,0,530184
11/25/2024,Principal Reduction,"$1,119,788.76 ",0,$0.00 ,,,$0.00 ,0,530184
4/25/2023,Prepayment,"$560,104.74 ",1,$0.00 ,,,$0.00 ,0,530199
6/25/2023,Prepayment,"$1,226,392.58 ",1,$0.00 ,,,$0.00 ,0,530199
7/25/2023,Prepayment,"$740,450.41 ",1,$0.00 ,,,$0.00 ,0,530199
8/25/2023,Prepayment,"$1,083,016.82 ",1,$0.00 ,,,$0.00 ,0,530199
1/25/2024,Prepayment,"$1,334,774.61 ",1,$0.00 ,,,$0.00 ,0,530199
2/25/2024,Prepayment,"$595,887.46 ",1,$0.00 ,,,$0.00 ,0,530199
8/25/2024,Prepayment,"$636,166.90 ",1,$0.00 ,,,$0.00 ,0,530199
5/25/2023,Prepayment,"$6,407,457.02 ",2,$0.00 ,,,$0.00 ,0,530205
7/25/2023,Prepayment,"$503,045.97 ",1,$0.00 ,,,$0.00 ,0,530205
8/25/2023,Prepayment,"$2,137,917.81 ",1,$0.00 ,,,$0.00 ,0,530205
9/25/2023,Prepayment,"$1,642,618.60 ",3,$0.00 ,,,$0.00 ,0,530205
10/25/2023,Prepayment,"$491,328.24 ",1,$0.00 ,,,$0.00 ,0,530205
11/25/2023,Prepayment,"$2,437,233.54 ",2,$0.00 ,,,$0.00 ,0,530205
12/25/2023,Prepayment,"$1,737,251.28 ",1,$0.00 ,,,$0.00 ,0,530205
12/25/2023,Principal Reduction,"$452,754.69 ",0,$0.00 ,,,$0.00 ,0,530205
1/25/2024,Prepayment,"$493,921.84 ",1,$0.00 ,,,$0.00 ,0,530205
2/25/2024,Prepayment,"$2,791,511.68 ",3,$0.00 ,,,$0.00 ,0,530205
3/25/2024,Prepayment,"$628,170.27 ",1,$0.00 ,,,$0.00 ,0,530205
6/25/2024,Prepayment,"$1,670,184.30 ",1,$0.00 ,,,$0.00 ,0,530205
7/25/2024,Prepayment,"$1,122,299.09 ",1,$0.00 ,,,$0.00 ,0,530205
8/25/2024,Prepayment,"$2,908,018.28 ",1,$0.00 ,,,$0.00 ,0,530205
9/25/2024,Prepayment,"$3,571,302.34 ",2,$0.00 ,,,$0.00 ,0,530205
11/25/2024,Prepayment,"$3,044,314.64 ",1,$0.00 ,,,$0.00 ,0,530205
12/25/2022,Prepayment,"$2,348,781.08 ",1,$0.00 ,,,$0.00 ,0,530226
5/25/2023,Prepayment,"$2,681,571.25 ",1,$0.00 ,,,$0.00 ,0,530226
9/25/2023,Prepayment,"$404,324.03 ",1,$0.00 ,,,$0.00 ,0,530226
12/25/2023,Prepayment,"$4,536,328.08 ",2,$0.00 ,,,$0.00 ,0,530226
5/25/2024,Prepayment,"$4,234,703.47 ",2,$0.00 ,,,$0.00 ,0,530226
10/25/2024,Prepayment,"$3,812,430.01 ",2,$0.00 ,,,$0.00 ,0,530226
11/25/2024,Prepayment,"$3,578,646.50 ",1,$0.00 ,,,$0.00 ,0,530226
1/25/2023,Prepayment,"$2,777,543.02 ",1,$0.00 ,,,$0.00 ,0,530243
6/25/2023,Prepayment,"$3,287,600.17 ",1,$0.00 ,,,$0.00 ,0,530243
7/25/2023,Prepayment,"$3,697,202.67 ",1,$0.00 ,,,$0.00 ,0,530243
12/25/2023,Prepayment,"$4,334,366.67 ",2,$0.00 ,,,$0.00 ,0,530243
1/25/2024,Principal Reduction,"$626,271.68 ",0,$0.00 ,,,$0.00 ,0,530243
2/25/2024,Prepayment,"$2,869,340.53 ",1,$0.00 ,,,$0.00 ,0,530243
3/25/2024,Prepayment,"$287,312.40 ",1,$0.00 ,,,$0.00 ,0,530243
3/25/2024,Principal Reduction,"$1,111,500.00 ",0,$0.00 ,,,$0.00 ,0,530243
4/25/2024,Prepayment,"$2,268,476.08 ",1,$0.00 ,,,$0.00 ,0,530243
5/25/2024,Prepayment,"$1,593,785.12 ",2,$0.00 ,,,$0.00 ,0,530243
7/25/2024,Prepayment,"$1,682,103.95 ",1,$0.00 ,,,$0.00 ,0,530243
8/25/2024,Prepayment,"$2,299,142.81 ",2,$0.00 ,,,$0.00 ,0,530243
9/25/2024,Prepayment,"$1,834,501.88 ",2,$0.00 ,,,$0.00 ,0,530243
10/25/2024,Prepayment,"$653,667.72 ",1,$0.00 ,,,$0.00 ,0,530243
11/25/2024,Prepayment,"$392,924.61 ",1,$0.00 ,,,$0.00 ,0,530243
2/25/2023,Prepayment,"$437,409.10 ",1,$0.00 ,,,$0.00 ,0,530242
3/25/2023,Prepayment,"$958,003.49 ",1,$0.00 ,,,$0.00 ,0,530242
5/25/2023,Prepayment,"$239,829.91 ",1,$0.00 ,,,$0.00 ,0,530242
7/25/2023,Prepayment,"$1,384,786.91 ",2,$0.00 ,,,$0.00 ,0,530242
9/25/2023,Principal Reduction,"$72,209.13 ",0,$0.00 ,,,$0.00 ,0,530242
11/25/2023,Prepayment,"$276,424.51 ",1,$0.00 ,,,$0.00 ,0,530242
11/25/2023,Principal Reduction,"$53,403.77 ",0,$0.00 ,,,$0.00 ,0,530242
12/25/2023,Prepayment,"$3,865,002.55 ",1,$0.00 ,,,$0.00 ,0,530242
1/25/2024,Prepayment,"$250,183.33 ",1,$0.00 ,,,$0.00 ,0,530242
2/25/2024,Prepayment,"$462,582.21 ",1,$0.00 ,,,$0.00 ,0,530242
3/25/2024,Prepayment,"$367,251.20 ",2,$0.00 ,,,$0.00 ,0,530242
11/25/2024,Prepayment,"$267,661.68 ",1,$0.00 ,,,$0.00 ,0,530242
2/25/2023,Prepayment,"$3,707,872.17 ",1,$0.00 ,,,$0.00 ,0,530265
10/25/2023,Prepayment,"$2,748,991.12 ",3,$0.00 ,,,$0.00 ,0,530265
11/25/2023,Prepayment,"$3,289,044.19 ",1,$0.00 ,,,$0.00 ,0,530265
11/25/2023,Principal Reduction,"$65,507.09 ",0,$0.00 ,,,$0.00 ,0,530265
1/25/2024,Prepayment,"$858,739.66 ",1,$0.00 ,,,$0.00 ,0,530265
2/25/2024,Prepayment,"$3,918,709.59 ",2,$0.00 ,,,$0.00 ,0,530265
3/25/2024,Prepayment,"$424,542.45 ",1,$0.00 ,,,$0.00 ,0,530265
6/25/2024,Principal Reduction,"$535,125.00 ",0,$0.00 ,,,$0.00 ,0,530265
8/25/2024,Prepayment,"$2,116,305.25 ",2,$0.00 ,,,$0.00 ,0,530265
10/25/2024,Prepayment,"$4,913,072.49 ",2,$0.00 ,,,$0.00 ,0,530265
11/25/2024,Prepayment,"$1,128,890.88 ",1,$0.00 ,,,$0.00 ,0,530265
8/25/2023,Prepayment,"$612,316.60 ",1,$0.00 ,,,$0.00 ,0,530293
11/25/2023,Principal Reduction,"$995,349.98 ",0,$0.00 ,,,$0.00 ,0,530293
12/25/2023,Prepayment,"$5,685,095.66 ",2,$0.00 ,,,$0.00 ,0,530293
1/25/2024,Prepayment,"$3,678,277.61 ",1,$0.00 ,,,$0.00 ,0,530293
2/25/2024,Prepayment,"$7,332,282.19 ",2,$0.00 ,,,$0.00 ,0,530293
4/25/2024,Prepayment,"$2,737,572.97 ",1,$0.00 ,,,$0.00 ,0,530293
6/25/2024,Prepayment,"$1,462,898.24 ",1,$0.00 ,,,$0.00 ,0,530293
8/25/2024,Principal Reduction,"$114,170.48 ",0,$0.00 ,,,$0.00 ,0,530293
9/25/2024,Prepayment,"$2,728,585.39 ",2,$0.00 ,,,$0.00 ,0,530293
10/25/2024,Prepayment,"$626,339.38 ",1,$0.00 ,,,$0.00 ,0,530293
4/25/2023,Prepayment,"$431,380.19 ",1,$0.00 ,,,$0.00 ,0,530292
5/25/2023,Prepayment,"$843,191.94 ",1,$0.00 ,,,$0.00 ,0,530292
7/25/2023,Principal Reduction,"$86,022.11 ",0,$0.00 ,,,$0.00 ,0,530292
8/25/2023,Prepayment,"$303,298.88 ",2,$0.00 ,,,$0.00 ,0,530292
9/25/2023,Prepayment,"$1,557,286.27 ",3,$0.00 ,,,$0.00 ,0,530292
10/25/2023,Prepayment,"$141,193.59 ",1,$0.00 ,,,$0.00 ,0,530292
11/25/2023,Prepayment,"$244,046.87 ",1,$0.00 ,,,$0.00 ,0,530292
11/25/2023,Principal Reduction,"$52,015.50 ",0,$0.00 ,,,$0.00 ,0,530292
12/25/2023,Prepayment,"$332,122.04 ",2,$0.00 ,,,$0.00 ,0,530292
1/25/2024,Prepayment,"$612,665.87 ",3,$0.00 ,,,$0.00 ,0,530292
3/25/2024,Prepayment,"$703,180.87 ",2,$0.00 ,,,$0.00 ,0,530292
4/25/2024,Prepayment,"$1,373,810.04 ",2,$0.00 ,,,$0.00 ,0,530292
5/25/2024,Principal Reduction,"$375,000.00 ",0,$0.00 ,,,$0.00 ,0,530292
6/25/2024,Prepayment,"$4,953,363.93 ",3,$0.00 ,,,$0.00 ,0,530292
7/25/2024,Prepayment,"$1,222,394.03 ",3,$0.00 ,,,$0.00 ,0,530292
8/25/2024,Prepayment,"$111,645.86 ",1,$0.00 ,,,$0.00 ,0,530292
9/25/2024,Prepayment,"$4,420,533.11 ",6,$0.00 ,,,$0.00 ,0,530292
10/25/2024,Prepayment,"$874,796.96 ",2,$0.00 ,,,$0.00 ,0,530292
11/25/2024,Prepayment,"$836,083.20 ",2,$0.00 ,,,$0.00 ,0,530292
4/25/2023,Prepayment,"$177,664.35 ",1,$0.00 ,,,$0.00 ,0,530303
6/25/2023,Prepayment,"$2,012,014.71 ",1,$0.00 ,,,$0.00 ,0,530303
9/25/2023,Prepayment,"$81,161.38 ",1,$0.00 ,,,$0.00 ,0,530303
10/25/2023,Prepayment,"$917,587.08 ",1,$0.00 ,,,$0.00 ,0,530303
12/25/2023,Prepayment,"$1,623,906.79 ",3,$0.00 ,,,$0.00 ,0,530303
1/25/2024,Prepayment,"$312,105.65 ",1,$0.00 ,,,$0.00 ,0,530303
2/25/2024,Prepayment,"$5,283,819.22 ",5,$0.00 ,,,$0.00 ,0,530303
3/25/2024,Prepayment,"$75,599.70 ",1,$0.00 ,,,$0.00 ,0,530303
3/25/2024,Principal Reduction,"$26,088.00 ",0,$0.00 ,,,$0.00 ,0,530303
4/25/2024,Prepayment,"$135,888.52 ",1,$0.00 ,,,$0.00 ,0,530303
5/25/2024,Prepayment,"$1,332,943.20 ",1,$0.00 ,,,$0.00 ,0,530303
5/25/2024,Principal Reduction,"$154,775.17 ",0,$0.00 ,,,$0.00 ,0,530303
6/25/2024,Prepayment,"$691,104.66 ",2,$0.00 ,,,$0.00 ,0,530303
7/25/2024,Prepayment,"$1,753,710.11 ",5,$0.00 ,,,$0.00 ,0,530303
7/25/2024,Principal Reduction,"$40,646.87 ",0,$0.00 ,,,$0.00 ,0,530303
8/25/2024,Prepayment,"$112,589.28 ",1,$0.00 ,,,$0.00 ,0,530303
8/25/2024,Principal Reduction,"$151,511.22 ",0,$0.00 ,,,$0.00 ,0,530303
10/25/2024,Prepayment,"$1,310,915.11 ",1,$0.00 ,,,$0.00 ,0,530303
11/25/2024,Prepayment,"$3,003,891.92 ",3,$0.00 ,,,$0.00 ,0,530303
11/25/2024,Principal Reduction,"$149,429.93 ",0,$0.00 ,,,$0.00 ,0,530303
8/25/2023,Principal Reduction,"$112,500.00 ",0,$0.00 ,,,$0.00 ,0,530330
11/25/2023,Prepayment,"$1,154,161.43 ",2,$0.00 ,,,$0.00 ,0,530330
4/25/2024,Prepayment,"$1,090,000.48 ",1,$0.00 ,,,$0.00 ,0,530330
7/25/2024,Prepayment,"$3,234,338.39 ",4,$0.00 ,,,$0.00 ,0,530330
10/25/2024,Prepayment,"$1,062,140.77 ",1,$0.00 ,,,$0.00 ,0,530330
11/25/2023,Prepayment,"$2,613,819.41 ",1,$0.00 ,,,$0.00 ,0,530327
7/25/2024,Principal Reduction,"$478,511.81 ",0,$0.00 ,,,$0.00 ,0,530327
11/25/2024,Prepayment,"$1,835,619.26 ",1,$0.00 ,,,$0.00 ,0,530327
9/25/2023,Prepayment,"$2,452,314.85 ",1,$0.00 ,,,$0.00 ,0,530334
3/25/2024,Prepayment,"$2,065,569.45 ",1,$0.00 ,,,$0.00 ,0,530334
4/25/2024,Prepayment,"$1,887,906.87 ",1,$0.00 ,,,$0.00 ,0,530334
6/25/2024,Principal Reduction,"$174,793.96 ",0,$0.00 ,,,$0.00 ,0,530334
7/25/2024,Prepayment,"$1,100,468.94 ",1,$0.00 ,,,$0.00 ,0,530334
9/25/2024,Prepayment,"$322,863.60 ",1,$0.00 ,,,$0.00 ,0,530334
10/25/2024,Prepayment,"$504,138.56 ",1,$0.00 ,,,$0.00 ,0,530334
11/25/2024,Prepayment,"$1,636,105.33 ",1,$0.00 ,,,$0.00 ,0,530334
6/25/2023,Principal Reduction,"$225,598.55 ",0,$0.00 ,,,$0.00 ,0,530343
7/25/2023,Principal Reduction,"$225,598.55 ",0,$0.00 ,,8/10/2023,"$225,598.55 ",0,530343
9/25/2023,Prepayment,"$707,987.37 ",1,$0.00 ,,,$0.00 ,0,530343
1/25/2024,Principal Reduction,"$314,029.48 ",0,$0.00 ,,,$0.00 ,0,530343
2/25/2024,Prepayment,"$3,147,147.60 ",1,$0.00 ,,,$0.00 ,0,530343
5/25/2024,Prepayment,"$563,912.61 ",1,$0.00 ,,,$0.00 ,0,530343
3/25/2024,Principal Reduction,"$428,227.72 ",0,$0.00 ,,,$0.00 ,0,530342
10/25/2023,Prepayment,"$1,012,726.84 ",1,$0.00 ,,,$0.00 ,0,530357
1/25/2024,Prepayment,"$740,420.28 ",1,$0.00 ,,,$0.00 ,0,530357
4/25/2024,Prepayment,"$296,432.32 ",1,$0.00 ,,,$0.00 ,0,530357
5/25/2024,Prepayment,"$129,231.37 ",1,$0.00 ,,,$0.00 ,0,530357
8/25/2024,Prepayment,"$505,807.89 ",2,$0.00 ,,,$0.00 ,0,530357
9/25/2024,Prepayment,"$924,952.54 ",1,$0.00 ,,,$0.00 ,0,530357
11/25/2024,Prepayment,"$2,592,779.66 ",1,$0.00 ,,,$0.00 ,0,530357
11/25/2023,Principal Reduction,"$170,577.66 ",0,$0.00 ,,,$0.00 ,0,530358
4/25/2024,Prepayment,"$2,563,224.57 ",1,$0.00 ,,,$0.00 ,0,530358
6/25/2024,Prepayment,"$1,102,822.49 ",1,$0.00 ,,,$0.00 ,0,530358
9/25/2024,Prepayment,"$1,202,376.98 ",1,$0.00 ,,,$0.00 ,0,530358
11/25/2024,Prepayment,"$3,559,000.90 ",2,$0.00 ,,,$0.00 ,0,530358
2/25/2023,Prepayment,"$5,119,761.80 ",2,$0.00 ,,,$0.00 ,0,530102
4/25/2023,Prepayment,"$225,703.80 ",1,$0.00 ,,,$0.00 ,0,530102
9/25/2023,Prepayment,"$1,437,489.25 ",3,$0.00 ,,,$0.00 ,0,530102
12/25/2023,Prepayment,"$2,062,707.60 ",2,$0.00 ,,,$0.00 ,0,530102
2/25/2024,Prepayment,"$1,971,208.05 ",2,$0.00 ,,,$0.00 ,0,530102
3/25/2024,Prepayment,"$174,935.30 ",1,$0.00 ,,,$0.00 ,0,530102
6/25/2024,Prepayment,"$1,480,368.01 ",2,$0.00 ,,,$0.00 ,0,530102
8/25/2024,Principal Reduction,"$275,925.58 ",0,$0.00 ,,,$0.00 ,0,530102
9/25/2024,Principal Reduction,"$255,760.65 ",0,$0.00 ,,,$0.00 ,0,530102
11/25/2024,Prepayment,"$239,377.27 ",1,$0.00 ,,,$0.00 ,0,530102
12/25/2022,Prepayment,"$3,690,032.88 ",1,$0.00 ,,,$0.00 ,0,530134
7/25/2023,Prepayment,"$2,933,911.24 ",1,$0.00 ,,,$0.00 ,0,530134
10/25/2023,Prepayment,"$275,521.87 ",1,$0.00 ,,,$0.00 ,0,530134
11/25/2023,Prepayment,"$2,743,090.37 ",1,$0.00 ,,,$0.00 ,0,530134
12/25/2023,Prepayment,"$1,131,065.20 ",1,$0.00 ,,,$0.00 ,0,530134
7/25/2024,Prepayment,"$1,079,334.34 ",1,$0.00 ,,,$0.00 ,0,530134
10/25/2024,Prepayment,"$3,547,327.33 ",1,$0.00 ,,,$0.00 ,0,530134
5/25/2023,Prepayment,"$168,654.74 ",1,$0.00 ,,,$0.00 ,0,530188
5/25/2023,Principal Reduction,"$29,180.78 ",0,$0.00 ,,,$0.00 ,0,530188
7/25/2023,Prepayment,"$701,839.25 ",2,$0.00 ,,,$0.00 ,0,530188
8/25/2023,Prepayment,"$161,141.12 ",1,$0.00 ,,,$0.00 ,0,530188
11/25/2023,Prepayment,"$3,326,463.13 ",1,$0.00 ,,,$0.00 ,0,530188
12/25/2023,Prepayment,"$1,002,675.89 ",1,$0.00 ,,,$0.00 ,0,530188
2/25/2024,Prepayment,"$612,887.30 ",1,$0.00 ,,,$0.00 ,0,530188
3/25/2024,Prepayment,"$228,769.90 ",1,$0.00 ,,,$0.00 ,0,530188
4/25/2024,Prepayment,"$223,965.80 ",1,$0.00 ,,,$0.00 ,0,530188
5/25/2024,Prepayment,"$133,141.76 ",1,$0.00 ,,,$0.00 ,0,530188
6/25/2024,Prepayment,"$722,236.80 ",2,$0.00 ,,,$0.00 ,0,530188
11/25/2024,Prepayment,"$1,562,275.55 ",3,$0.00 ,,,$0.00 ,0,530188
11/25/2024,Principal Reduction,"$195,980.56 ",0,$0.00 ,,,$0.00 ,0,530188
,Prepayment,"$238,743.00 ",1,$0.00 ,,,$0.00 ,0,530227
,Prepayment,"$122,581.47 ",1,$0.00 ,,,$0.00 ,0,530227
,Prepayment,"$120,814.53 ",1,$0.00 ,,,$0.00 ,0,530227
,Principal Reduction,"$186,664.65 ",0,$0.00 ,,,$0.00 ,0,530227
,Prepayment,"$371,707.86 ",1,$0.00 ,,,$0.00 ,0,530227
,Principal Reduction,"$72,790.38 ",0,$0.00 ,,,$0.00 ,0,530227
,Prepayment,"$118,394.69 ",1,$0.00 ,,,$0.00 ,0,530227
,Principal Reduction,"$60,920.34 ",0,$0.00 ,,,$0.00 ,0,530227
,Prepayment,"$2,907,602.17 ",3,$0.00 ,,,$0.00 ,0,530227
,Prepayment,"$118,979.61 ",1,$0.00 ,,,$0.00 ,0,530227
,Prepayment,"$115,109.55 ",1,$0.00 ,,,$0.00 ,0,530227
,Prepayment,"$339,311.80 ",2,$0.00 ,,,$0.00 ,0,530227
,Principal Reduction,"$391,822.62 ",0,$0.00 ,,,$0.00 ,0,530227
,Prepayment,"$3,236,175.84 ",3,$0.00 ,,,$0.00 ,0,530227
,Principal Reduction,"$72,968.16 ",0,$0.00 ,,,$0.00 ,0,530227
,Prepayment,"$118,318.77 ",1,$0.00 ,,,$0.00 ,0,530227
,Prepayment,"$221,843.35 ",2,$0.00 ,,,$0.00 ,0,530227
,Prepayment,"$908,676.96 ",3,$0.00 ,,,$0.00 ,0,530227
,Prepayment,"$2,516,139.94 ",1,$0.00 ,,,$0.00 ,0,530227
,Prepayment,"$95,869.72 ",1,$0.00 ,,,$0.00 ,0,530227
,Prepayment,"$3,578,039.36 ",3,$0.00 ,,,$0.00 ,0,530227
,Prepayment,"$137,202.16 ",1,$0.00 ,,,$0.00 ,0,530227
,Prepayment,"$696,376.00 ",1,$0.00 ,,,$0.00 ,0,530241
,Prepayment,"$785,721.38 ",2,$0.00 ,,,$0.00 ,0,530241
,Principal Reduction,"$138,507.53 ",0,$0.00 ,,,$0.00 ,0,530241
,Principal Reduction,"$36,626.82 ",0,$0.00 ,,,$0.00 ,0,530241
,Principal Reduction,"$22,537.26 ",0,$0.00 ,,,$0.00 ,0,530241
,Principal Reduction,"$184,906.36 ",0,$0.00 ,,,$0.00 ,0,530241
,Prepayment,"$704,753.35 ",1,$0.00 ,,,$0.00 ,0,530241
,Prepayment,"$477,882.65 ",2,$0.00 ,,,$0.00 ,0,530241
,Prepayment,"$243,238.78 ",1,$0.00 ,,,$0.00 ,0,530241
,Prepayment,"$4,177,157.26 ",3,$0.00 ,,,$0.00 ,0,530241
,Principal Reduction,"$838,099.51 ",0,$0.00 ,,,$0.00 ,0,530241
,Prepayment,"$2,149,674.49 ",2,$0.00 ,,,$0.00 ,0,530241
,Prepayment,$0.00 ,1,$0.00 ,,,$0.00 ,0,530241
,Principal Reduction,"$51,831.77 ",0,$0.00 ,,,$0.00 ,0,530241
,Prepayment,"$1,388,399.61 ",1,$0.00 ,,,$0.00 ,0,530241
,Prepayment,"$60,319.85 ",1,$0.00 ,,,$0.00 ,0,530241
,Principal Reduction,"$40,052.69 ",0,$0.00 ,,,$0.00 ,0,530241
,Prepayment,"$258,749.26 ",1,$0.00 ,,,$0.00 ,0,530241
,Prepayment,"$223,188.53 ",1,$0.00 ,,,$0.00 ,0,530241
,Prepayment,"$604,196.01 ",2,$0.00 ,,,$0.00 ,0,530241
,Prepayment,"$1,584,416.15 ",3,$0.00 ,,,$0.00 ,0,530241
,Prepayment,"$502,748.18 ",1,$0.00 ,,,$0.00 ,0,530241
,Prepayment,"$3,784,829.07 ",4,$0.00 ,,,$0.00 ,0,530241
,Prepayment,"$1,452,300.07 ",4,$0.00 ,,,$0.00 ,0,530241
,Prepayment,"$513,516.31 ",2,$0.00 ,,,$0.00 ,0,530241
11/25/2024,Prepayment,"$2,526,220.86 ",1,$0.00 ,,,$0.00 ,0,530289
6/25/2024,Prepayment,"$113,513.50 ",1,$0.00 ,,,$0.00 ,0,530311
7/25/2024,Prepayment,"$233,074.02 ",1,$0.00 ,,,$0.00 ,0,530311
8/25/2023,Prepayment,"$1,926,011.95 ",1,$0.00 ,,,$0.00 ,0,530328
10/25/2024,Prepayment,"$3,518,644.95 ",1,$0.00 ,,,$0.00 ,0,530328
10/25/2023,Prepayment,"$770,608.78 ",1,$0.00 ,,,$0.00 ,0,530346
11/25/2023,Principal Reduction,"$112,194.05 ",0,$0.00 ,,,$0.00 ,0,530346
12/25/2023,Prepayment,"$874,636.25 ",1,$0.00 ,,,$0.00 ,0,530346
1/25/2024,Principal Reduction,"$112,500.00 ",0,$0.00 ,,,$0.00 ,0,530346
2/25/2024,Prepayment,"$3,290,042.56 ",1,$0.00 ,,,$0.00 ,0,530346
2/25/2024,Principal Reduction,"$97,500.00 ",0,$0.00 ,,,$0.00 ,0,530346
4/25/2024,Prepayment,"$1,869,748.93 ",1,$0.00 ,,,$0.00 ,0,530346
7/25/2024,Prepayment,"$2,189,879.70 ",2,$0.00 ,,,$0.00 ,0,530346
7/25/2024,Principal Reduction,"$107,103.82 ",0,$0.00 ,,,$0.00 ,0,530346
8/25/2024,Principal Reduction,"$77,162.93 ",0,$0.00 ,,,$0.00 ,0,530346
11/25/2024,Prepayment,"$3,279,232.73 ",1,$0.00 ,,,$0.00 ,0,530346
7/25/2022,Prepayment,"$1,068,046.74 ",1,$0.00 ,,,$0.00 ,0,530115
6/25/2023,Prepayment,"$663,011.96 ",1,$0.00 ,,,$0.00 ,0,530115
7/25/2023,Principal Reduction,"$139,500.00 ",0,$0.00 ,,,$0.00 ,0,530115
10/25/2023,Prepayment,"$1,257,597.98 ",1,$0.00 ,,,$0.00 ,0,530115
10/25/2023,Principal Reduction,"$112,222.30 ",0,$0.00 ,,,$0.00 ,0,530115
11/25/2023,Prepayment,"$663,778.14 ",1,$0.00 ,,,$0.00 ,0,530115
12/25/2023,Prepayment,"$1,470,422.61 ",1,$0.00 ,,,$0.00 ,0,530115
2/25/2024,Prepayment,"$1,750,638.30 ",1,$0.00 ,,,$0.00 ,0,530115
3/25/2024,Prepayment,"$3,499,440.78 ",1,$0.00 ,,,$0.00 ,0,530115
7/25/2024,Prepayment,"$545,030.70 ",1,$0.00 ,,,$0.00 ,0,530115
8/25/2024,Prepayment,"$2,689,199.37 ",2,$0.00 ,,,$0.00 ,0,530115
9/25/2024,Prepayment,"$450,083.52 ",1,$0.00 ,,,$0.00 ,0,530115
10/25/2024,Prepayment,"$3,212,119.48 ",2,$0.00 ,,,$0.00 ,0,530115
,Principal Reduction,"$213,473.97 ",0,$0.00 ,,,$0.00 ,0,530201
,Principal Reduction,"$87,581.93 ",0,$0.00 ,,,$0.00 ,0,530201
,Prepayment,"$1,211,565.52 ",1,$0.00 ,,,$0.00 ,0,530201
,Prepayment,"$1,481,524.29 ",1,$0.00 ,,,$0.00 ,0,530201
,Prepayment,"$2,394,690.16 ",1,$0.00 ,,,$0.00 ,0,530201
,Prepayment,"$139,642.12 ",2,$0.00 ,,,$0.00 ,0,530201
,Principal Reduction,"$644,290.50 ",0,$0.00 ,,,$0.00 ,0,530201
,Prepayment,"$1,366,406.65 ",1,$0.00 ,,,$0.00 ,0,530201
,Prepayment,"$1,078,063.83 ",1,$0.00 ,,,$0.00 ,0,530201
,Prepayment,"$659,321.12 ",1,$0.00 ,,,$0.00 ,0,530201
,Prepayment,"$192,021.66 ",1,$0.00 ,,,$0.00 ,0,530201
,Prepayment,"$541,765.62 ",2,$0.00 ,,,$0.00 ,0,530201
,Prepayment,"$998,242.46 ",2,$0.00 ,,,$0.00 ,0,530201
,Principal Reduction,"$108,750.00 ",0,$0.00 ,,,$0.00 ,0,530201
,Prepayment,"$381,203.87 ",2,$0.00 ,,,$0.00 ,0,530201
,Prepayment,"$218,200.12 ",1,$0.00 ,,,$0.00 ,0,530201
,Prepayment,"$2,383,802.40 ",3,$0.00 ,,,$0.00 ,0,530201
,Prepayment,"$449,331.57 ",1,$0.00 ,,,$0.00 ,0,530264
,Prepayment,"$138,702.64 ",1,$0.00 ,,,$0.00 ,0,530264
,Principal Reduction,"$1,184,069.78 ",0,$0.00 ,,,$0.00 ,0,530264
,Prepayment,"$691,319.58 ",2,$0.00 ,,,$0.00 ,0,530264
,Prepayment,"$4,903,367.75 ",3,$0.00 ,,,$0.00 ,0,530264
,Principal Reduction,"$135,000.00 ",0,$0.00 ,,,$0.00 ,0,530264
,Prepayment,"$580,865.50 ",1,$0.00 ,,,$0.00 ,0,530264
,Principal Reduction,"$460,616.90 ",0,$0.00 ,,,$0.00 ,0,530264
,Prepayment,"$167,230.43 ",1,$0.00 ,,,$0.00 ,0,530264
,Principal Reduction,"$738,752.77 ",0,$0.00 ,,,$0.00 ,0,530264
,Principal Reduction,"$150,000.00 ",0,$0.00 ,,,$0.00 ,0,530264
,Prepayment,"$79,391.43 ",1,$0.00 ,,,$0.00 ,0,530264
,Principal Reduction,"$54,254.08 ",0,$0.00 ,,,$0.00 ,0,530264
,Prepayment,"$264,883.93 ",1,$0.00 ,,,$0.00 ,0,530264
,Prepayment,"$226,747.70 ",1,$0.00 ,,,$0.00 ,0,530264
,Principal Reduction,"$71,031.76 ",0,$0.00 ,,,$0.00 ,0,530264
,Prepayment,"$1,131,819.41 ",4,$0.00 ,,,$0.00 ,0,530264
,Principal Reduction,"$697,248.11 ",0,$0.00 ,,,$0.00 ,0,530264
,Principal Reduction,"$637,500.00 ",0,$0.00 ,,,$0.00 ,0,530264
,Prepayment,"$4,398,163.74 ",5,$0.00 ,,,$0.00 ,0,530264
7/25/2023,Prepayment,"$3,684,698.26 ",1,$0.00 ,,,$0.00 ,0,530307
12/25/2023,Prepayment,"$3,541,051.64 ",1,$0.00 ,,,$0.00 ,0,530307
1/25/2024,Prepayment,"$394,860.54 ",1,$0.00 ,,,$0.00 ,0,530307
3/25/2024,Prepayment,"$3,834,153.14 ",2,$0.00 ,,,$0.00 ,0,530307
5/25/2024,Prepayment,"$990,712.75 ",1,$0.00 ,,,$0.00 ,0,530307
11/25/2023,Prepayment,"$3,709,254.16 ",1,$0.00 ,,,$0.00 ,0,530345
6/25/2024,Prepayment,"$3,236,916.53 ",1,$0.00 ,,,$0.00 ,0,530345
9/25/2024,Prepayment,"$2,431,246.69 ",2,$0.00 ,,,$0.00 ,0,530345
8/25/2023,Prepayment,"$735,906.27 ",1,$0.00 ,,,$0.00 ,0,530356
9/25/2023,Prepayment,"$553,499.99 ",1,$0.00 ,,,$0.00 ,0,530356
3/25/2024,Prepayment,"$558,711.64 ",2,$0.00 ,,,$0.00 ,0,530356
6/25/2024,Prepayment,"$552,548.83 ",2,$0.00 ,,,$0.00 ,0,530356
8/25/2024,Prepayment,"$2,195,115.59 ",2,$0.00 ,,,$0.00 ,0,530356
9/25/2024,Prepayment,"$114,566.69 ",1,$0.00 ,,,$0.00 ,0,530356
11/25/2024,Prepayment,"$3,320,297.47 ",1,$0.00 ,,,$0.00 ,0,530356
,Prepayment,"$680,017.05 ",2,$0.00 ,,,$0.00 ,0,530160
,Prepayment,"$124,738.16 ",1,$0.00 ,,,$0.00 ,0,530160
,Prepayment,"$195,596.88 ",2,$0.00 ,,,$0.00 ,0,530160
,Principal Reduction,"$75,847.37 ",0,$0.00 ,,,$0.00 ,0,530160
,Prepayment,"$208,731.59 ",1,$0.00 ,,,$0.00 ,0,530160
,Prepayment,"$219,696.99 ",2,$0.00 ,,,$0.00 ,0,530160
,Prepayment,"$3,081,857.71 ",1,$0.00 ,,,$0.00 ,0,530160
,Principal Reduction,"$71,250.00 ",0,$0.00 ,,,$0.00 ,0,530160
,Prepayment,"$112,716.89 ",1,$0.00 ,,,$0.00 ,0,530160
,Prepayment,"$247,530.09 ",1,$0.00 ,,,$0.00 ,0,530160
,Prepayment,"$1,067,730.91 ",1,$0.00 ,,,$0.00 ,0,530160
,Prepayment,"$1,430,702.78 ",3,$0.00 ,,,$0.00 ,0,530160
,Prepayment,"$576,223.05 ",4,$0.00 ,,,$0.00 ,0,530160
,Prepayment,"$258,566.96 ",3,$0.00 ,,,$0.00 ,0,530160
,Principal Reduction,"$35,269.50 ",0,$0.00 ,,,$0.00 ,0,530160
,Prepayment,"$79,859.10 ",1,$0.00 ,,,$0.00 ,0,530160
,Prepayment,"$60,136.31 ",1,$0.00 ,,5/10/2024,"$60,136.31 ",1,530160
,Prepayment,"$403,651.95 ",1,$0.00 ,,,$0.00 ,0,530160
,Prepayment,"$881,847.01 ",1,$0.00 ,,,$0.00 ,0,530160
,Prepayment,"$91,035.60 ",1,$0.00 ,,,$0.00 ,0,530160
,Prepayment,"$750,308.22 ",2,$0.00 ,,,$0.00 ,0,530160
,Prepayment,"$317,236.69 ",1,$0.00 ,,,$0.00 ,0,530160
4/25/2023,Prepayment,"$814,365.24 ",1,$0.00 ,,,$0.00 ,0,530244
12/25/2023,Prepayment,"$247,385.24 ",1,$0.00 ,,,$0.00 ,0,530244
9/25/2024,Prepayment,"$3,431,666.07 ",1,$0.00 ,,,$0.00 ,0,530244
11/25/2024,Prepayment,"$1,833,117.24 ",1,$0.00 ,,,$0.00 ,0,530244
,Prepayment,"$20,742.57 ",1,$0.00 ,,,$0.00 ,0,530332
,Principal Reduction,"$162,033.75 ",0,$0.00 ,,,$0.00 ,0,530332
,Prepayment,"$426,748.93 ",1,$0.00 ,,,$0.00 ,0,530332
,Prepayment,"$339,267.71 ",2,$0.00 ,,,$0.00 ,0,530332
,Principal Reduction,"$221,523.16 ",0,$0.00 ,,,$0.00 ,0,530332
,Prepayment,"$1,075,781.19 ",3,$0.00 ,,,$0.00 ,0,530332
,Principal Reduction,"$23,820.62 ",0,$0.00 ,,,$0.00 ,0,530332
,Prepayment,"$839,116.91 ",1,$0.00 ,,,$0.00 ,0,530332
,Prepayment,"$197,967.79 ",1,$0.00 ,,,$0.00 ,0,530332
,Prepayment,"$181,026.90 ",2,$0.00 ,,,$0.00 ,0,530332
,Prepayment,"$639,896.56 ",1,$0.00 ,,,$0.00 ,0,530332
,Prepayment,"$405,669.38 ",2,$0.00 ,,,$0.00 ,0,530332
,Principal Reduction,"$33,211.15 ",0,$0.00 ,,,$0.00 ,0,530332
,Prepayment,"$3,624,977.19 ",3,$0.00 ,,,$0.00 ,0,530332
,Prepayment,"$983,688.17 ",1,$0.00 ,,,$0.00 ,0,530332
,Prepayment,"$667,360.06 ",2,$0.00 ,,,$0.00 ,0,530332
,Prepayment,"$2,250,965.29 ",5,$0.00 ,,,$0.00 ,0,530332
7/25/2024,Prepayment,"$778,641.18 ",1,$0.00 ,,,$0.00 ,0,530360
7/25/2024,Principal Reduction,"$296,260.06 ",0,$0.00 ,,,$0.00 ,0,530360
10/25/2024,Principal Reduction,"$59,141.68 ",0,$0.00 ,,,$0.00 ,0,530360
8/25/2023,Prepayment,"$1,475,396.91 ",1,$0.00 ,,,$0.00 ,0,530370
6/25/2024,Prepayment,"$175,565.28 ",1,$0.00 ,,,$0.00 ,0,530370
11/25/2024,Principal Reduction,"$484,691.49 ",0,$0.00 ,,,$0.00 ,0,530370
9/25/2023,Principal Reduction,"$327,089.91 ",0,$0.00 ,,,$0.00 ,0,530372
1/25/2024,Prepayment,"$1,535,571.13 ",2,$0.00 ,,,$0.00 ,0,530372
3/25/2024,Principal Reduction,"$148,644.87 ",0,$0.00 ,,,$0.00 ,0,530372
4/25/2024,Prepayment,"$119,431.53 ",1,$0.00 ,,,$0.00 ,0,530372
4/25/2024,Principal Reduction,"$53,385.47 ",0,$0.00 ,,,$0.00 ,0,530372
6/25/2024,Prepayment,"$2,742,943.26 ",3,$0.00 ,,,$0.00 ,0,530372
7/25/2024,Prepayment,"$497,063.64 ",1,$0.00 ,,,$0.00 ,0,530372
9/25/2024,Prepayment,"$644,242.80 ",1,$0.00 ,,,$0.00 ,0,530372
10/25/2024,Prepayment,"$4,089,961.60 ",4,$0.00 ,,,$0.00 ,0,530372
11/25/2024,Prepayment,"$891,296.26 ",1,$0.00 ,,,$0.00 ,0,530372
5/25/2024,Prepayment,"$3,685,059.30 ",1,$0.00 ,,,$0.00 ,0,530382
7/25/2024,Prepayment,"$1,846,598.19 ",1,$0.00 ,,,$0.00 ,0,530382
12/25/2023,Prepayment,"$224,642.16 ",1,$0.00 ,,,$0.00 ,0,530381
7/25/2024,Prepayment,"$337,149.20 ",1,$0.00 ,,,$0.00 ,0,530381
9/25/2024,Prepayment,"$346,026.23 ",1,$0.00 ,,,$0.00 ,0,530381
3/25/2024,Prepayment,"$914,683.50 ",1,$0.00 ,,,$0.00 ,0,530389
4/25/2024,Prepayment,"$994,034.39 ",1,$0.00 ,,,$0.00 ,0,530389
8/25/2024,Principal Reduction,"$107,593.41 ",0,$0.00 ,,,$0.00 ,0,530389
9/25/2024,Prepayment,"$1,089,548.24 ",2,$0.00 ,,,$0.00 ,0,530389
9/25/2024,Principal Reduction,"$520,326.71 ",0,$0.00 ,,,$0.00 ,0,530389
10/25/2023,Prepayment,"$3,461,555.60 ",1,$0.00 ,,,$0.00 ,0,530416
4/25/2024,Prepayment,"$1,879,238.51 ",1,$0.00 ,,,$0.00 ,0,530416
6/25/2024,Prepayment,"$1,772,037.86 ",1,$0.00 ,,,$0.00 ,0,530416
7/25/2024,Prepayment,"$807,810.92 ",1,$0.00 ,,,$0.00 ,0,530416
8/25/2024,Principal Reduction,"$429,000.00 ",0,$0.00 ,,,$0.00 ,0,530416
10/25/2024,Prepayment,"$1,300,250.42 ",2,$0.00 ,,,$0.00 ,0,530416
1/25/2024,Prepayment,"$846,470.91 ",1,$0.00 ,,,$0.00 ,0,530418
11/25/2023,Prepayment,"$254,716.14 ",1,$0.00 ,,,$0.00 ,0,530428
12/25/2023,Prepayment,"$255,239.80 ",1,$0.00 ,,,$0.00 ,0,530428
1/25/2024,Principal Reduction,"$98,164.50 ",0,$0.00 ,,,$0.00 ,0,530428
3/25/2024,Prepayment,"$252,858.33 ",1,$0.00 ,,,$0.00 ,0,530428
5/25/2024,Prepayment,"$1,781,633.66 ",2,$0.00 ,,,$0.00 ,0,530428
7/25/2024,Prepayment,"$1,018,132.37 ",4,$0.00 ,,,$0.00 ,0,530428
8/25/2024,Prepayment,"$426,074.83 ",2,$0.00 ,,,$0.00 ,0,530428
9/25/2024,Prepayment,"$347,094.88 ",1,$0.00 ,,,$0.00 ,0,530428
10/25/2024,Prepayment,"$673,884.49 ",2,$0.00 ,,,$0.00 ,0,530428
11/25/2024,Prepayment,"$239,602.28 ",1,$0.00 ,,,$0.00 ,0,530428
11/25/2024,Principal Reduction,"$80,000.00 ",0,$0.00 ,,,$0.00 ,0,530428
1/25/2024,Principal Reduction,"$45,689.60 ",0,$0.00 ,,,$0.00 ,0,530439
3/25/2024,Principal Reduction,"$153,624.44 ",0,$0.00 ,,,$0.00 ,0,530439
5/25/2024,Prepayment,"$1,409,337.22 ",1,$0.00 ,,,$0.00 ,0,530439
5/25/2024,Principal Reduction,"$188,027.49 ",0,$0.00 ,,,$0.00 ,0,530439
6/25/2024,Prepayment,"$43,631.46 ",1,$0.00 ,,,$0.00 ,0,530439
8/25/2024,Prepayment,"$1,416,165.55 ",2,$0.00 ,,,$0.00 ,0,530439
9/25/2024,Prepayment,"$512,141.14 ",1,$0.00 ,,,$0.00 ,0,530439
10/25/2024,Prepayment,"$963,449.25 ",1,$0.00 ,,,$0.00 ,0,530439
11/25/2024,Prepayment,"$1,014,931.41 ",2,$0.00 ,,,$0.00 ,0,530439
8/25/2024,Principal Reduction,"$638,111.66 ",0,$0.00 ,,,$0.00 ,0,530452
9/25/2024,Prepayment,"$2,170,896.04 ",1,$0.00 ,,,$0.00 ,0,530452
10/25/2024,Prepayment,"$3,572,769.87 ",1,$0.00 ,,,$0.00 ,0,530452
10/25/2024,Principal Reduction,"$493,662.62 ",0,$0.00 ,,,$0.00 ,0,530452
4/25/2024,Prepayment,"$365,370.61 ",1,$0.00 ,,,$0.00 ,0,530472
6/25/2024,Prepayment,"$1,721,466.98 ",1,$0.00 ,,,$0.00 ,0,530472
7/25/2024,Prepayment,"$345,008.99 ",1,$0.00 ,,,$0.00 ,0,530472
9/25/2024,Prepayment,"$4,159,215.33 ",6,$0.00 ,,,$0.00 ,0,530472
9/25/2024,Principal Reduction,"$35,943.25 ",0,$0.00 ,,,$0.00 ,0,530472
10/25/2024,Prepayment,"$246,281.84 ",1,$0.00 ,,,$0.00 ,0,530472
11/25/2024,Prepayment,"$2,035,509.81 ",3,$0.00 ,,,$0.00 ,0,530472
5/25/2024,Prepayment,"$3,703,026.79 ",1,$0.00 ,,,$0.00 ,0,530471
3/25/2024,Prepayment,"$29,389.93 ",1,$0.00 ,,,$0.00 ,0,530488
5/25/2024,Prepayment,"$414,937.88 ",2,$0.00 ,,,$0.00 ,0,530488
7/25/2024,Prepayment,"$1,715,900.36 ",2,$0.00 ,,,$0.00 ,0,530488
7/25/2024,Principal Reduction,"$74,999.99 ",0,$0.00 ,,,$0.00 ,0,530488
8/25/2024,Prepayment,"$40,676.24 ",1,$0.00 ,,,$0.00 ,0,530488
8/25/2024,Principal Reduction,"$223,513.01 ",0,$0.00 ,,,$0.00 ,0,530488
9/25/2024,Prepayment,"$80,453.62 ",1,$0.00 ,,,$0.00 ,0,530488
10/25/2024,Prepayment,"$347,118.09 ",1,$0.00 ,,,$0.00 ,0,530488
11/25/2024,Prepayment,"$235,281.54 ",2,$0.00 ,,,$0.00 ,0,530488
4/25/2024,Prepayment,"$235,167.25 ",2,$0.00 ,,,$0.00 ,0,530508
4/25/2024,Principal Reduction,"$121,183.87 ",0,$0.00 ,,,$0.00 ,0,530508
5/25/2024,Prepayment,"$168,650.88 ",2,$0.00 ,,,$0.00 ,0,530508
5/25/2024,Principal Reduction,"$52,500.00 ",0,$0.00 ,,,$0.00 ,0,530508
6/25/2024,Prepayment,"$149,618.20 ",1,$0.00 ,,,$0.00 ,0,530508
7/25/2024,Prepayment,"$463,582.12 ",3,$0.00 ,,,$0.00 ,0,530508
7/25/2024,Principal Reduction,"$21,768.72 ",0,$0.00 ,,,$0.00 ,0,530508
8/25/2024,Prepayment,"$361,329.26 ",3,$0.00 ,,,$0.00 ,0,530508
9/25/2024,Prepayment,"$679,900.36 ",5,$0.00 ,,,$0.00 ,0,530508
10/25/2024,Prepayment,"$988,827.99 ",8,$0.00 ,,,$0.00 ,0,530508
11/25/2024,Prepayment,"$863,598.97 ",2,$0.00 ,,,$0.00 ,0,530508
6/25/2024,Prepayment,"$124,577.29 ",1,$0.00 ,,,$0.00 ,0,530528
7/25/2024,Prepayment,"$209,090.46 ",2,$0.00 ,,,$0.00 ,0,530528
8/25/2024,Prepayment,"$353,723.09 ",2,$0.00 ,,,$0.00 ,0,530528
9/25/2024,Prepayment,"$366,968.82 ",3,$0.00 ,,,$0.00 ,0,530528
9/25/2024,Principal Reduction,"$25,115.01 ",0,$0.00 ,,,$0.00 ,0,530528
10/25/2024,Prepayment,"$537,421.53 ",3,$0.00 ,,,$0.00 ,0,530528
10/25/2024,Principal Reduction,"$24,911.58 ",0,$0.00 ,,,$0.00 ,0,530528
11/25/2024,Prepayment,"$120,939.62 ",1,$0.00 ,,,$0.00 ,0,530528
11/25/2024,Principal Reduction,"$4,447.57 ",0,$0.00 ,,,$0.00 ,0,530528
6/25/2024,Prepayment,"$257,644.72 ",1,$0.00 ,,,$0.00 ,0,530522
7/25/2024,Prepayment,"$592,993.19 ",1,$0.00 ,,,$0.00 ,0,530522
8/25/2024,Principal Reduction,"$138,093.79 ",0,$0.00 ,,,$0.00 ,0,530522
10/25/2024,Prepayment,"$164,939.42 ",2,$0.00 ,,,$0.00 ,0,530522
11/25/2024,Prepayment,"$111,880.36 ",1,$0.00 ,,,$0.00 ,0,530522
8/25/2024,Principal Reduction,"$203,959.54 ",0,$0.00 ,,,$0.00 ,0,530574
9/25/2024,Principal Reduction,"$17,000.00 ",0,$0.00 ,,,$0.00 ,0,530574
10/25/2024,Prepayment,"$121,984.53 ",1,$0.00 ,,,$0.00 ,0,530574
10/25/2024,Principal Reduction,"$8,500.00 ",0,$0.00 ,,,$0.00 ,0,530574
11/25/2024,Prepayment,"$161,599.67 ",1,$0.00 ,,,$0.00 ,0,530574
11/25/2024,Principal Reduction,"$10,200.00 ",0,$0.00 ,,,$0.00 ,0,530574
9/25/2024,Principal Reduction,"$59,146.32 ",0,$0.00 ,,,$0.00 ,0,530592
10/25/2024,Principal Reduction,"$40,515.36 ",0,$0.00 ,,,$0.00 ,0,530592
11/25/2024,Principal Reduction,"$6,401.13 ",0,$0.00 ,,,$0.00 ,0,530592
10/25/2024,Prepayment,"$125,546.00 ",1,$0.00 ,,,$0.00 ,0,530631
9/25/2023,Prepayment,"$116,642.45 ",1,$0.00 ,,,$0.00 ,0,530384
2/25/2024,Prepayment,"$688,328.00 ",1,$0.00 ,,,$0.00 ,0,530384
3/25/2024,Prepayment,"$249,286.89 ",1,$0.00 ,,,$0.00 ,0,530384
4/25/2024,Principal Reduction,"$89,041.02 ",0,$0.00 ,,,$0.00 ,0,530384
6/25/2024,Prepayment,"$284,783.20 ",2,$0.00 ,,,$0.00 ,0,530384
8/25/2024,Prepayment,"$28,133.76 ",1,$0.00 ,,,$0.00 ,0,530384
8/25/2024,Principal Reduction,"$127,500.00 ",0,$0.00 ,,,$0.00 ,0,530384
11/25/2024,Prepayment,"$334,466.37 ",1,$0.00 ,,,$0.00 ,0,530384
,Principal Reduction,"$234,769.35 ",0,$0.00 ,,,$0.00 ,0,530417
,Prepayment,"$250,812.74 ",2,$0.00 ,,,$0.00 ,0,530417
,Principal Reduction,"$32,834.85 ",0,$0.00 ,,,$0.00 ,0,530417
,Prepayment,"$484,461.01 ",2,$0.00 ,,,$0.00 ,0,530417
,Principal Reduction,"$33,604.34 ",0,$0.00 ,,,$0.00 ,0,530417
,Prepayment,"$57,606.15 ",1,$0.00 ,,,$0.00 ,0,530417
,Prepayment,"$122,594.00 ",1,$0.00 ,,,$0.00 ,0,530417
,Prepayment,"$121,879.89 ",1,$0.00 ,,,$0.00 ,0,530417
,Prepayment,"$249,449.73 ",1,$0.00 ,,,$0.00 ,0,530417
,Prepayment,"$1,395,666.48 ",2,$0.00 ,,,$0.00 ,0,530417
,Prepayment,"$654,887.67 ",5,$0.00 ,,,$0.00 ,0,530417
,Prepayment,"$2,184,482.00 ",5,$0.00 ,,,$0.00 ,0,530417
,Prepayment,"$864,441.88 ",3,$0.00 ,,,$0.00 ,0,530417
,Prepayment,"$594,414.25 ",4,$0.00 ,,,$0.00 ,0,530417
,Principal Reduction,"$26,250.00 ",0,$0.00 ,,,$0.00 ,0,530417
,Prepayment,"$98,073.81 ",1,$0.00 ,,,$0.00 ,0,530417
9/25/2024,Prepayment,"$3,692,755.27 ",1,$0.00 ,,,$0.00 ,0,530432
4/25/2024,Prepayment,"$1,104,536.60 ",3,$0.00 ,,,$0.00 ,0,530455
5/25/2024,Prepayment,"$361,206.15 ",1,$0.00 ,,,$0.00 ,0,530455
6/25/2024,Prepayment,"$5,693,925.31 ",3,$0.00 ,,,$0.00 ,0,530455
7/25/2024,Prepayment,"$872,521.34 ",4,$0.00 ,,,$0.00 ,0,530455
9/25/2024,Prepayment,"$3,932,870.03 ",2,$0.00 ,,,$0.00 ,0,530455
9/25/2024,Principal Reduction,"$110,401.69 ",0,$0.00 ,,,$0.00 ,0,530455
10/25/2024,Prepayment,"$162,812.79 ",1,$0.00 ,,,$0.00 ,0,530455
6/25/2024,Prepayment,"$1,110,061.12 ",1,$0.00 ,,,$0.00 ,0,530491
9/25/2024,Prepayment,"$2,076,122.58 ",1,$0.00 ,,,$0.00 ,0,530491
10/25/2024,Prepayment,"$962,629.06 ",1,$0.00 ,,,$0.00 ,0,530491
11/25/2024,Prepayment,"$1,211,189.38 ",1,$0.00 ,,,$0.00 ,0,530491
9/25/2024,Prepayment,"$243,180.69 ",1,$0.00 ,,,$0.00 ,0,530507
9/25/2024,Principal Reduction,"$90,000.00 ",0,$0.00 ,,,$0.00 ,0,530507
10/25/2024,Principal Reduction,"$150,000.00 ",0,$0.00 ,,,$0.00 ,0,530507
11/25/2024,Prepayment,"$4,236,435.92 ",2,$0.00 ,,,$0.00 ,0,530507
8/25/2024,Prepayment,"$424,663.42 ",1,$0.00 ,,,$0.00 ,0,530542
11/25/2024,Principal Reduction,"$232,275.00 ",0,$0.00 ,,,$0.00 ,0,530612
11/25/2024,Principal Reduction,"$423,992.67 ",0,$0.00 ,,,$0.00 ,0,530634
8/25/2023,Prepayment,"$2,198,115.50 ",1,$0.00 ,,,$0.00 ,0,530374
11/25/2023,Prepayment,"$3,284,281.78 ",1,$0.00 ,,,$0.00 ,0,530374
3/25/2024,Prepayment,"$3,169,159.13 ",1,$0.00 ,,,$0.00 ,0,530374
4/25/2024,Principal Reduction,"$112,500.00 ",0,$0.00 ,,,$0.00 ,0,530374
6/25/2024,Prepayment,"$500,721.31 ",1,$0.00 ,,,$0.00 ,0,530374
1/25/2024,Prepayment,"$2,184,636.72 ",1,$0.00 ,,,$0.00 ,0,530429
3/25/2024,Prepayment,"$1,874,170.51 ",1,$0.00 ,,,$0.00 ,0,530429
10/25/2024,Prepayment,"$2,515,729.64 ",1,$0.00 ,,,$0.00 ,0,530429
8/25/2024,Principal Reduction,"$98,547.10 ",0,$0.00 ,,,$0.00 ,0,530473
9/25/2024,Prepayment,"$217,818.35 ",1,$0.00 ,,,$0.00 ,0,530473
10/25/2024,Prepayment,"$1,769,132.83 ",2,$0.00 ,,,$0.00 ,0,530473
7/25/2024,Prepayment,"$2,161,083.73 ",1,$0.00 ,,,$0.00 ,0,530526
11/25/2024,Principal Reduction,"$1,019,123.49 ",0,$0.00 ,,,$0.00 ,0,530526
7/25/2024,Principal Reduction,"$86,250.00 ",0,$0.00 ,,,$0.00 ,0,530560
9/25/2024,Principal Reduction,"$45,050.78 ",0,$0.00 ,,,$0.00 ,0,530560
10/25/2024,Prepayment,"$393,114.04 ",2,$0.00 ,,,$0.00 ,0,530560
2/25/2024,Prepayment,"$934,967.04 ",1,$0.00 ,,,$0.00 ,0,530398
9/25/2024,Prepayment,"$107,093.58 ",1,$0.00 ,,,$0.00 ,0,530398
11/25/2024,Prepayment,"$91,248.83 ",1,$0.00 ,,,$0.00 ,0,530398
2/25/2024,Prepayment,"$2,347,279.78 ",1,$0.00 ,,,$0.00 ,0,530441
5/25/2024,Prepayment,"$127,500.00 ",1,$0.00 ,,,$0.00 ,0,530540
6/25/2024,Prepayment,"$370,374.88 ",1,$0.00 ,,,$0.00 ,0,530540
7/25/2024,Prepayment,"$367,007.13 ",1,$0.00 ,,,$0.00 ,0,530540
8/25/2024,Prepayment,"$124,339.56 ",1,$0.00 ,,,$0.00 ,0,530540
8/25/2024,Principal Reduction,"$329,401.71 ",0,$0.00 ,,,$0.00 ,0,530540
9/25/2024,Prepayment,"$1,055,901.74 ",2,$0.00 ,,,$0.00 ,0,530540
9/25/2024,Principal Reduction,"$475,578.14 ",0,$0.00 ,,,$0.00 ,0,530540
10/25/2024,Prepayment,"$981,492.86 ",6,$0.00 ,,,$0.00 ,0,530540
10/25/2024,Principal Reduction,"$83,026.98 ",0,$0.00 ,,,$0.00 ,0,530540
11/25/2024,Prepayment,"$454,555.40 ",4,$0.00 ,,,$0.00 ,0,530540
11/25/2024,Principal Reduction,"$16,970.27 ",0,$0.00 ,,,$0.00 ,0,530540
06/25/2024,Prepayment,"$247,316.70",2,$0.00,,,$0.00,0,530500
07/25/2024,Prepayment,"$246,398.38",2,$0.00,,,$0.00,0,530500
08/25/2024,Prepayment,"$123,270.45",1,$0.00,,,$0.00,0,530500
09/25/2024,Prepayment,"$245,415.53",2,$0.00,,,$0.00,0,530500
10/25/2024,Prepayment,"$241,173.23",2,$0.00,,,$0.00,0,530500
10/25/2024,Principal Reduction,"$24,200.24",0,$0.00,,,$0.00,0,530500
09/25/2024,Prepayment,"$243,180.69",1,$0.00,,,$0.00,0,530507
09/25/2024,Principal Reduction,"$90,000.00",0,$0.00,,,$0.00,0,530507
10/25/2024,Principal Reduction,"$150,000.00",0,$0.00,,,$0.00,0,530507
11/25/2024,Prepayment,"$4,236,435.92",2,$0.00,,,$0.00,0,530507
05/25/2024,Prepayment,"$1,431,431.20",1,$0.00,,,$0.00,0,530503
07/25/2024,Prepayment,"$291,027.37",1,$0.00,,,$0.00,0,530503
04/25/2024,Prepayment,"$775,917.11",2,$0.00,,,$0.00,0,530496
07/25/2024,Principal Reduction,"$150,000.00",0,$0.00,,,$0.00,0,530496
11/25/2024,Prepayment,"$152,567.43",1,$0.00,,,$0.00,0,530496
10/25/2024,Prepayment,"$838,925.78",1,$0.00,,,$0.00,0,530505
09/25/2024,Prepayment,"$20,153.78",1,$0.00,,,$0.00,0,530502
06/25/2024,Prepayment,"$179,807.11",1,$0.00,,,$0.00,0,530511
07/25/2024,Prepayment,"$277,903.42",1,$0.00,,,$0.00,0,530510
08/25/2024,Prepayment,"$762,614.36",1,$0.00,,,$0.00,0,540117
06/25/2024,Prepayment,"$125,571.74",1,$0.00,,,$0.00,0,530530
07/25/2024,Prepayment,"$123,852.55",1,$0.00,,,$0.00,0,530530
08/25/2024,Prepayment,"$79,055.86",1,$0.00,,,$0.00,0,530530
08/25/2024,Principal Reduction,"$25,500.00",0,$0.00,,,$0.00,0,530530
09/25/2024,Prepayment,"$82,425.99",1,$0.00,,,$0.00,0,530530
09/25/2024,Principal Reduction,"$41,220.60",0,$0.00,,,$0.00,0,530530
10/25/2024,Prepayment,"$122,986.30",1,$0.00,,,$0.00,0,530530
07/25/2024,Prepayment,"$2,161,083.73",1,$0.00,,,$0.00,0,530526
11/25/2024,Principal Reduction,"$1,019,123.49",0,$0.00,,,$0.00,0,530526
07/25/2024,Prepayment,"$442,800.97",1,$0.00,,,$0.00,0,530515
07/25/2024,Prepayment,"$260,207.61",1,$0.00,,,$0.00,0,530527
08/25/2024,Prepayment,"$3,097,375.19",1,$0.00,,,$0.00,0,530527
08/25/2024,Principal Reduction,"$893,272.13",0,$0.00,,,$0.00,0,530527
09/25/2024,Prepayment,"$1,896.07",1,$0.00,,,$0.00,0,530527
11/25/2024,Prepayment,"$880,171.23",2,$0.00,,,$0.00,0,530527
05/25/2024,Principal Reduction,"$90,916.40",0,$0.00,,,$0.00,0,530514
06/25/2024,Prepayment,"$125,646.38",1,$0.00,,,$0.00,0,530514
08/25/2024,Prepayment,"$482,274.27",1,$0.00,,,$0.00,0,530514
08/25/2024,Principal Reduction,"$198,075.00",0,$0.00,,,$0.00,0,530514
09/25/2024,Prepayment,"$40,027.89",1,$0.00,,,$0.00,0,530514
10/25/2024,Prepayment,"$123,106.58",1,$0.00,,,$0.00,0,530514
09/25/2024,Prepayment,"$83,264.26",1,$0.00,,,$0.00,0,530517
05/25/2024,Principal Reduction,"$75,000.00",0,$0.00,,,$0.00,0,530525
09/25/2024,Prepayment,"$123,215.96",1,$0.00,,,$0.00,0,530525
11/25/2024,Prepayment,"$744,850.44",2,$0.00,,,$0.00,0,530525
05/25/2024,Prepayment,"$127,500.00",1,$0.00,,,$0.00,0,530540
06/25/2024,Prepayment,"$370,374.88",1,$0.00,,,$0.00,0,530540
07/25/2024,Prepayment,"$367,007.13",1,$0.00,,,$0.00,0,530540
08/25/2024,Prepayment,"$124,339.56",1,$0.00,,,$0.00,0,530540
08/25/2024,Principal Reduction,"$329,401.71",0,$0.00,,,$0.00,0,530540
09/25/2024,Prepayment,"$1,055,901.74",2,$0.00,,,$0.00,0,530540
09/25/2024,Principal Reduction,"$475,578.14",0,$0.00,,,$0.00,0,530540
10/25/2024,Prepayment,"$981,492.86",6,$0.00,,,$0.00,0,530540
10/25/2024,Principal Reduction,"$83,026.98",0,$0.00,,,$0.00,0,530540
11/25/2024,Prepayment,"$454,555.40",4,$0.00,,,$0.00,0,530540
11/25/2024,Principal Reduction,"$16,970.27",0,$0.00,,,$0.00,0,530540
08/25/2024,Prepayment,"$424,663.42",1,$0.00,,,$0.00,0,530542
11/25/2024,Prepayment,"$1,120,343.64",1,$0.00,,,$0.00,0,530543
06/25/2024,Prepayment,"$41,971.41",1,$0.00,,,$0.00,0,530536
08/25/2024,Prepayment,"$41,437.61",1,$0.00,,,$0.00,0,530536
08/25/2024,Principal Reduction,"$8,500.00",0,$0.00,,,$0.00,0,530536
09/25/2024,Prepayment,"$29,641.48",1,$0.00,,,$0.00,0,530536
11/25/2024,Prepayment,"$40,627.03",1,$0.00,,,$0.00,0,530536
09/25/2024,Prepayment,"$474,126.25",2,$0.00,,,$0.00,0,530532
09/25/2024,Prepayment,"$1,594,154.25",1,$0.00,,,$0.00,0,530561
07/25/2024,Principal Reduction,"$86,250.00",0,$0.00,,,$0.00,0,530560
09/25/2024,Principal Reduction,"$45,050.78",0,$0.00,,,$0.00,0,530560
10/25/2024,Prepayment,"$393,114.04",2,$0.00,,,$0.00,0,530560
08/25/2024,Prepayment,"$37,271.58",1,$0.00,,,$0.00,0,530552
09/25/2024,Principal Reduction,"$21,250.00",0,$0.00,,,$0.00,0,530553
11/25/2024,Prepayment,"$24,536.65",1,$0.00,,,$0.00,0,530553
11/25/2024,Principal Reduction,"$22,055.76",0,$0.00,,,$0.00,0,530553
09/25/2024,Prepayment,"$384,251.81",2,$0.00,,,$0.00,0,530548
07/25/2024,Prepayment,"$260,425.59",1,$0.00,,,$0.00,0,540123
08/25/2024,Prepayment,"$226,836.38",1,$0.00,,,$0.00,0,540123
10/25/2024,Prepayment,"$125,990.37",1,$0.00,,,$0.00,0,540123
08/25/2024,Principal Reduction,"$203,959.54",0,$0.00,,,$0.00,0,530574
09/25/2024,Principal Reduction,"$17,000.00",0,$0.00,,,$0.00,0,530574
10/25/2024,Prepayment,"$121,984.53",1,$0.00,,,$0.00,0,530574
10/25/2024,Principal Reduction,"$8,500.00",0,$0.00,,,$0.00,0,530574
11/25/2024,Prepayment,"$161,599.67",1,$0.00,,,$0.00,0,530574
11/25/2024,Principal Reduction,"$10,200.00",0,$0.00,,,$0.00,0,530574
09/25/2024,Prepayment,"$3,468,180.93",1,$0.00,,,$0.00,0,530570
08/25/2024,Prepayment,$301.64,1,$0.00,,,$0.00,0,530565
08/25/2024,Principal Reduction,"$41,668.36",0,$0.00,,,$0.00,0,530565
09/25/2024,Principal Reduction,"$15,300.00",0,$0.00,,,$0.00,0,530565
10/25/2024,Prepayment,"$66,295.72",2,$0.00,,,$0.00,0,530565
10/25/2024,Principal Reduction,"$36,804.78",0,$0.00,,,$0.00,0,530565
11/25/2024,Prepayment,$0.00,1,$0.00,,,$0.00,0,530565
11/25/2024,Principal Reduction,"$17,000.00",0,$0.00,,,$0.00,0,530565
10/25/2024,Principal Reduction,"$51,150.00",0,$0.00,,,$0.00,0,530580
11/25/2024,Prepayment,"$124,211.96",1,$0.00,,,$0.00,0,530607
10/25/2024,Prepayment,"$125,546.00",1,$0.00,,,$0.00,0,530631
11/25/2024,Principal Reduction,"$82,838.62",0,$0.00,,,$0.00,0,530622
11/25/2024,Prepayment,"$272,234.37",1,$0.00,,,$0.00,0,530630
11/25/2024,Principal Reduction,"$148,387.37",0,$0.00,,,$0.00,0,530630
06/25/2024,Principal Reduction,"$46,887.20",0,$0.00,,,$0.00,0,530512
08/25/2024,Principal Reduction,"$36,513.25",0,$0.00,,,$0.00,0,530512
10/25/2024,Prepayment,"$397,062.94",1,$0.00,,,$0.00,0,530512
10/25/2024,Principal Reduction,"$74,097.89",0,$0.00,,,$0.00,0,530512
11/25/2024,Prepayment,"$98,409.98",1,$0.00,,,$0.00,0,530512
08/25/2024,Principal Reduction,"$150,665.45",0,$0.00,,,$0.00,0,530506
04/25/2024,Prepayment,"$126,201.28",1,$0.00,,,$0.00,0,530509
07/25/2024,Prepayment,"$2,812,376.30",1,$0.00,,,$0.00,0,530509
07/25/2024,Principal Reduction,"$112,500.00",0,$0.00,,,$0.00,0,530509
10/25/2024,Principal Reduction,"$54,486.50",0,$0.00,,,$0.00,0,530509
11/25/2024,Prepayment,"$2,345,339.70",1,$0.00,,,$0.00,0,530509
06/25/2024,Prepayment,"$257,644.72",1,$0.00,,,$0.00,0,530522
07/25/2024,Prepayment,"$592,993.19",1,$0.00,,,$0.00,0,530522
08/25/2024,Principal Reduction,"$138,093.79",0,$0.00,,,$0.00,0,530522
10/25/2024,Prepayment,"$164,939.42",2,$0.00,,,$0.00,0,530522
11/25/2024,Prepayment,"$111,880.36",1,$0.00,,,$0.00,0,530522
09/25/2024,Prepayment,"$59,344.75",1,$0.00,,,$0.00,0,530531
10/25/2024,Prepayment,"$13,003.72",1,$0.00,,,$0.00,0,530521
11/25/2024,Prepayment,"$40,365.05",1,$0.00,,,$0.00,0,530521
08/25/2024,Prepayment,"$124,792.44",1,$0.00,,,$0.00,0,530546
10/25/2024,Prepayment,"$82,387.36",1,$0.00,,,$0.00,0,530546
10/25/2024,Principal Reduction,"$16,704.90",0,$0.00,,,$0.00,0,530546
11/25/2024,Principal Reduction,"$42,981.24",0,$0.00,,,$0.00,0,530546
08/25/2024,Principal Reduction,"$448,497.94",0,$0.00,,,$0.00,0,530544
10/25/2024,Principal Reduction,"$264,154.98",0,$0.00,,,$0.00,0,530544
11/25/2024,Prepayment,"$437,585.68",2,$0.00,,,$0.00,0,530544
07/25/2024,Principal Reduction,"$97,206.00",0,$0.00,,,$0.00,0,530557
09/25/2024,Principal Reduction,"$93,750.00",0,$0.00,,,$0.00,0,530557
10/25/2024,Principal Reduction,"$89,766.14",0,$0.00,,,$0.00,0,530557
11/25/2024,Prepayment,"$123,981.03",1,$0.00,,,$0.00,0,530554
08/25/2024,Prepayment,"$25,021.84",1,$0.00,,,$0.00,0,530558
09/25/2024,Prepayment,"$1,323,985.18",1,$0.00,,,$0.00,0,530558
11/25/2024,Principal Reduction,"$512,780.09",0,$0.00,,,$0.00,0,540122
08/25/2024,Prepayment,"$315,417.47",1,$0.00,,,$0.00,0,530572
10/25/2024,Principal Reduction,"$91,668.41",0,$0.00,,,$0.00,0,530572
08/25/2024,Principal Reduction,"$262,500.00",0,$0.00,,,$0.00,0,530567
09/25/2024,Principal Reduction,"$76,313.00",0,$0.00,,,$0.00,0,530567
10/25/2024,Prepayment,"$48,482.33",1,$0.00,,,$0.00,0,530567
10/25/2024,Principal Reduction,"$106,050.00",0,$0.00,,,$0.00,0,530567
11/25/2024,Principal Reduction,"$126,835.19",0,$0.00,,,$0.00,0,530569
09/25/2024,Principal Reduction,"$59,146.32",0,$0.00,,,$0.00,0,530592
10/25/2024,Principal Reduction,"$40,515.36",0,$0.00,,,$0.00,0,530592
11/25/2024,Principal Reduction,"$6,401.13",0,$0.00,,,$0.00,0,530592
10/25/2024,Principal Reduction,"$335,630.16",0,$0.00,,,$0.00,0,530587
11/25/2024,Prepayment,"$41,862.12",1,$0.00,,,$0.00,0,530596
10/25/2024,Principal Reduction,"$152,392.71",0,$0.00,,,$0.00,0,530595
11/25/2024,Prepayment,"$146,316.53",1,$0.00,,,$0.00,0,530595
11/25/2024,Prepayment,"$495,187.51",1,$0.00,,,$0.00,0,530621
04/25/2024,Prepayment,"$235,167.25",2,$0.00,,,$0.00,0,530508
04/25/2024,Principal Reduction,"$121,183.87",0,$0.00,,,$0.00,0,530508
05/25/2024,Prepayment,"$168,650.88",2,$0.00,,,$0.00,0,530508
05/25/2024,Principal Reduction,"$52,500.00",0,$0.00,,,$0.00,0,530508
06/25/2024,Prepayment,"$149,618.20",1,$0.00,,,$0.00,0,530508
07/25/2024,Prepayment,"$463,582.12",3,$0.00,,,$0.00,0,530508
07/25/2024,Principal Reduction,"$21,768.72",0,$0.00,,,$0.00,0,530508
08/25/2024,Prepayment,"$361,329.26",3,$0.00,,,$0.00,0,530508
09/25/2024,Prepayment,"$679,900.36",5,$0.00,,,$0.00,0,530508
10/25/2024,Prepayment,"$988,827.99",8,$0.00,,,$0.00,0,530508
11/25/2024,Prepayment,"$863,598.97",2,$0.00,,,$0.00,0,530508
07/25/2024,Principal Reduction,"$8,500.00",0,$0.00,,,$0.00,0,530501
06/25/2024,Prepayment,"$3,682,703.02",1,$0.00,,,$0.00,0,530520
11/25/2024,Principal Reduction,"$234,711.81",0,$0.00,,,$0.00,0,530520
10/25/2024,Prepayment,"$124,247.26",1,$0.00,,,$0.00,0,530551
09/25/2024,Prepayment,"$4,611,164.81",2,$0.00,,,$0.00,0,530576
11/25/2024,Principal Reduction,"$122,476.03",0,$0.00,,,$0.00,0,530576
08/25/2024,Prepayment,"$60,017.10",1,$0.00,,,$0.00,0,530562
10/25/2024,Prepayment,"$124,880.92",1,$0.00,,,$0.00,0,530585
10/25/2024,Principal Reduction,"$21,159.04",0,$0.00,,,$0.00,0,530585
11/25/2024,Prepayment,"$245,253.13",1,$0.00,,,$0.00,0,530581
11/25/2024,Principal Reduction,"$423,992.67",0,$0.00,,,$0.00,0,530634
11/25/2024,Prepayment,"$41,970.00",1,$0.00,,,$0.00,0,530619
09/25/2024,Prepayment,"$259,678.89",1,$0.00,,,$0.00,0,530497
06/25/2024,Prepayment,"$124,577.29",1,$0.00,,,$0.00,0,530528
07/25/2024,Prepayment,"$209,090.46",2,$0.00,,,$0.00,0,530528
08/25/2024,Prepayment,"$353,723.09",2,$0.00,,,$0.00,0,530528
09/25/2024,Prepayment,"$366,968.82",3,$0.00,,,$0.00,0,530528
09/25/2024,Principal Reduction,"$25,115.01",0,$0.00,,,$0.00,0,530528
10/25/2024,Prepayment,"$537,421.53",3,$0.00,,,$0.00,0,530528
10/25/2024,Principal Reduction,"$24,911.58",0,$0.00,,,$0.00,0,530528
11/25/2024,Prepayment,"$120,939.62",1,$0.00,,,$0.00,0,530528
11/25/2024,Principal Reduction,"$4,447.57",0,$0.00,,,$0.00,0,530528
06/25/2024,Principal Reduction,"$843,450.00",0,$0.00,,,$0.00,0,540119
07/25/2024,Prepayment,"$497,606.94",1,$0.00,,,$0.00,0,540119
09/25/2024,Prepayment,"$611,808.43",1,$0.00,,,$0.00,0,540119
09/25/2024,Prepayment,"$250,470.00",2,$0.00,,,$0.00,0,530575
09/25/2024,Principal Reduction,"$42,500.00",0,$0.00,,,$0.00,0,530575
11/25/2024,Principal Reduction,"$232,275.00",0,$0.00,,,$0.00,0,530612
06/25/2024,Prepayment,"$77,535.16",1,$0.00,,,$0.00,0,530545
10/25/2024,Principal Reduction,"$46,947.15",0,$0.00,,,$0.00,0,530594
11/25/2024,Prepayment,"$56,912.24",1,$0.00,,,$0.00,0,530594
10/25/2024,Prepayment,"$41,702.22",1,$0.00,,,$0.00,0,530578
11/25/2024,Principal Reduction,"$8,500.00",0,$0.00,,,$0.00,0,530578
